plot,row,tree,dbh,ht_m,ht_source
1,1,1,15.447977213862014,26.823600416954157,estimated
1,1,2,14.194365079143203,25.30530731868092,estimated
1,1,3,12.493598360760602,23.176633969078573,estimated
1,2,4,19.493588689617926,31.48235696838897,estimated
1,2,5,7.946068210127572,16.97227927225906,estimated
1,2,6,18.034411551253896,29.840334733314076,estimated
1,2,7,16.495150802584376,28.062615061598464,estimated
1,2,8,16.837458240482736,28.462269643929424,estimated
1,2,9,15.99874995116806,27.47842721301711,estimated
1,3,10,15.12613632095123,27.3,measured
1,3,11,10.248902380255165,18.2,measured
1,3,12,15.047923444781343,29.2,measured
1,3,13,16.343806166251483,30.0,measured
1,3,14,18.920887928424502,31.5,measured
1,3,15,14.396874660842192,26.0,measured
1,3,16,13.215899515356494,26.2,measured
1,4,17,16.923356641044943,30.5,measured
1,4,18,18.186533479473212,30.2,measured
1,4,19,16.389020715100706,29.0,measured
1,4,20,17.34358671094304,29.2,measured
1,4,21,19.135307679783985,31.5,measured
1,4,22,16.33278910657944,29.3,measured
1,5,25,17.4928556845359,30.5,measured
1,5,26,15.797151641989135,27.5,measured
1,5,27,20.18415219918835,31.5,measured
1,5,28,13.434284498997332,25.2,measured
1,5,29,17.476841819962782,30.5,measured
1,5,30,16.885496735364345,29.3,measured
1,6,31,12.085114811204733,22.652230431131123,estimated
1,6,32,18.239736840206877,30.07382413770348,estimated
1,6,33,12.745195173083856,23.496969785241763,estimated
1,6,34,12.227019260637483,22.83502162949688,estimated
1,6,35,19.94241710525582,31.97963703825468,estimated
1,6,36,13.7,24.695181326786393,estimated
1,7,37,9.195107394696377,18.766910512102662,estimated
1,7,38,20.142492397913422,32.2001849816408,estimated
1,7,39,20.6990337938755,32.810117645762645,estimated
2,1,1,15.946159412222118,27.41620776946798,estimated
2,1,2,16.889345754054535,28.52262803823384,estimated
2,2,3,7.848566748139434,16.82862359596885,estimated
2,2,4,15.491933384829668,26.876125055462467,estimated
2,2,5,12.489995996796797,23.17203288709647,estimated
2,2,6,18.393205267163196,30.24780910415726,estimated
2,2,7,17.69745744450315,29.455357550792986,estimated
2,2,8,17.949373248110923,29.74338963183483,estimated
2,3,9,19.635681806344284,29.5,measured
2,3,10,12.699606293110035,23.5,measured
2,3,11,18.39,27.2,measured
2,3,12,12.945269406234852,23.2,measured
2,3,13,11.047171583713181,21.5,measured
2,3,14,19.59770394714646,29.5,measured
2,4,15,12.398386991863095,25.0,measured
2,4,16,13.498518437221176,25.5,measured
2,4,17,18.630619957478604,30.0,measured
2,4,18,18.5,29.0,measured
2,4,19,17.297398648351724,29.0,measured
2,4,20,14.2492105044455,25.2,measured
2,5,21,16.349311912126456,26.5,measured
2,5,22,15.399675321252719,26.5,measured
2,5,23,17.741476826916074,29.5,measured
2,5,24,16.349311912126456,27.7,measured
2,5,25,11.498260738042081,21.0,measured
2,6,26,15.997187252764157,27.476579316485466,estimated
2,6,27,19.44222209522358,31.425219014118493,estimated
2,6,28,9.599479152537391,19.331298691662244,estimated
2,6,29,19.78383178254405,31.804334479474413,estimated
2,6,30,14.839811319555247,26.09202485749064,estimated
2,6,31,16.236994795835834,27.759499082758555,estimated
2,6,32,15.749285698088025,27.182717939728864,estimated
2,7,33,15.899685531481433,27.361171672093896,estimated
2,7,34,18.59758048779464,30.478805994974,estimated
2,7,35,9.499473669630333,19.192420324028394,estimated
2,7,36,18.344481459011046,30.192620787161818,estimated
3,1,1,9.595311355031686,19.325519868566015,estimated
3,1,2,14.987995196156156,26.2711255791265,estimated
3,1,3,16.685322891691367,28.284962433205692,estimated
3,1,4,16.475436261295176,28.039519450270088,estimated
3,2,5,12.945269406234852,23.750302111984873,estimated
3,2,6,13.934848402476433,24.985862422192685,estimated
3,2,7,16.29232948353304,27.82459642204766,estimated
3,2,8,16.24623033198779,27.77036883564133,estimated
3,2,9,13.449163542763543,24.382991216268344,estimated
3,2,10,13.598529332247661,24.56910759971676,estimated
3,3,11,13.796738745080303,24.5,measured
3,3,12,18.89338508579127,30.5,measured
3,3,13,13.249905660041508,24.5,measured
3,3,14,16.532997308413258,29.2,measured
3,3,15,16.981166037701886,29.2,measured
3,3,16,17.84432682955566,30.0,measured
3,3,17,12.949131244990916,24.0,measured
3,4,18,16.298772959950085,29.0,measured
3,4,19,17.437889780589853,30.0,measured
3,4,20,17.64652940382329,30.0,measured
3,4,22,17.586074036009286,29.0,measured
3,4,23,13.198484761517134,25.2,measured
3,4,24,17.99972222007884,30.0,measured
3,4,25,11.69829047339824,20.5,measured
3,5,26,13.745544732748863,25.5,measured
3,5,27,11.998333217576516,23.4,measured
3,5,28,16.180234856144704,26.5,measured
3,5,29,10.248902380255165,17.7,measured
3,5,30,17.82105496316085,29.5,measured
3,6,32,8.748714191239761,18.13480958166956,estimated
3,6,33,19.098952850876405,31.042165579263628,estimated
3,6,34,16.495150802584376,28.062615061598464,estimated
3,6,35,14.19683063222211,25.308333453729457,estimated
3,6,36,13.449907062875937,24.38391926491594,estimated
3,7,37,13.1,23.945385005636737,estimated
3,7,38,15.44927182750048,26.825148057194294,estimated
3,7,39,16.448100194247356,28.00748096072728,estimated
4,1,1,16.28895331198417,27.8206265704895,estimated
4,1,2,17.69745744450315,29.455357550792986,estimated
4,1,3,18.398913011371082,30.254271150555496,estimated
4,1,4,17.48170472236618,29.20765636740759,estimated
4,2,5,14.14991166050163,25.250718593215836,estimated
4,2,6,15.198684153570664,26.52482578258419,estimated
4,2,7,14.849915824677257,26.10425519542163,estimated
4,2,8,8.449852069711044,17.705995111366114,estimated
4,2,9,18.390214789392754,30.24442317289805,estimated
4,2,10,14.5,25.67919679951749,estimated
4,3,11,16.29723902997069,28.0,measured
4,3,12,17.111691909334972,29.5,measured
4,3,13,13.249150916190818,24.5,measured
4,3,14,16.24992307674101,27.0,measured
4,3,15,13.796738745080303,26.5,measured
4,3,16,16.099689437998485,29.0,measured
4,3,17,13.39664137013453,25.0,measured
4,4,18,17.489711261195822,30.0,measured
4,4,19,14.396874660842192,26.5,measured
4,4,20,16.749328344742665,28.5,measured
4,4,21,15.0996688705415,26.5,measured
4,4,22,16.349311912126456,28.5,measured
4,4,23,18.297540818372287,29.2,measured
4,4,24,17.848249213858487,29.7,measured
4,5,25,17.09532099727876,28.5,measured
4,5,26,11.941524190822543,21.5,measured
4,5,27,13.24764129949177,22.5,measured
4,5,28,15.7,27.5,measured
4,5,29,12.049066353871574,22.5,measured
4,5,30,18.87855926706273,30.2,measured
4,5,31,12.896511156122806,24.5,measured
4,6,32,15.68853084262513,27.11048016171732,estimated
4,6,33,12.598412598418898,23.31032656161724,estimated
4,6,34,12.047406359876803,22.60354486220762,estimated
4,6,35,16.941074346097416,28.582744092055414,estimated
4,6,36,14.987995196156156,26.2711255791265,estimated
4,6,37,15.221038072352359,26.55167866018645,estimated
4,7,38,18.9,30.819173214265675,estimated
4,7,39,18.4,30.25550171846897,estimated
4,7,40,16.89733706830754,28.531918835273043,estimated
4,7,41,17.79971909890715,29.572433103802297,estimated
5,1,1,19.5,31.489485335384177,estimated
5,1,2,22.094343167426363,34.31729689969246,estimated
5,2,3,8.399404740813482,17.63314936557984,estimated
5,2,4,20.99142682144308,33.1285110252594,estimated
5,2,6,14.342245291445828,25.486522106046873,estimated
5,2,7,16.149922600433726,27.656924683840053,estimated
5,3,8,16.949926253526886,27.5,measured
5,3,9,19.395875850293535,30.0,measured
5,3,10,21.24947058164038,31.0,measured
5,3,11,21.94720938980626,32.5,measured
5,4,13,21.080796948882174,31.5,measured
5,4,14,20.39779399837149,30.5,measured
5,4,15,17.395401691251628,28.0,measured
5,4,16,17.741476826916074,29.0,measured
5,4,17,12.998461447417537,23.7,measured
5,4,18,15.549276510500416,26.7,measured
5,5,19,15.449919093639293,26.5,measured
5,5,20,18.246643526961336,29.5,measured
5,5,21,16.24992307674101,28.0,measured
5,5,22,14.599657530229946,25.5,measured
5,5,23,16.697305171793438,27.5,measured
5,5,24,17.7341478509682,29.7,measured
5,5,25,21.54854983519773,31.7,measured
5,6,26,18.04438970982394,29.85170065734883,estimated
5,6,27,12.398386991863095,23.05488687042361,estimated
5,6,28,13.996785345214093,25.06226917138474,estimated
5,6,29,18.544540975715737,30.4189339353504,estimated
5,6,30,14.399652773591454,25.55671313438408,estimated
5,6,31,18.74459922217597,30.644486339088804,estimated
5,7,32,13.038404810405298,23.867812827854323,estimated
5,7,33,17.297398648351724,28.995303305156227,estimated
5,7,34,17.241229654522904,28.9304468093548,estimated
6,1,1,16.99735273505848,28.64808275296729,estimated
6,2,2,18.767791558944808,30.67058553269197,estimated
6,2,3,17.897485856957676,29.684166848685905,estimated
6,2,4,12.498399897586891,23.182766039661455,estimated
6,2,5,18.697593428032388,30.59155810261283,estimated
6,2,6,18.832153355365392,30.74296167111911,estimated
6,3,7,17.84656829757475,29.7,measured
6,3,8,19.395875850293535,30.0,measured
6,3,9,15.749920634720672,28.5,measured
6,3,10,16.343806166251483,29.5,measured
6,3,11,16.1,28.0,measured
6,4,13,16.837458240482736,29.0,measured
6,4,14,14.749915253993834,27.5,measured
6,4,15,14.145670715805597,27.0,measured
6,4,16,17.44133022449836,30.0,measured
6,4,18,17.57156794369814,29.5,measured
6,5,19,18.79893614011176,30.7,measured
6,5,20,10.7,17.0,measured
6,5,21,18.767791558944808,29.7,measured
6,5,22,9.648834126463155,18.5,measured
6,5,23,14.64308710620817,27.5,measured
6,5,24,11.949058540320237,22.5,measured
6,6,25,17.79297614228716,29.56471980850919,estimated
6,6,26,12.649901185384808,23.375874267831936,estimated
6,6,27,18.249931506720785,30.085395789675395,estimated
6,6,28,17.938227337170193,29.730672510673543,estimated
6,6,29,5.049752469181039,12.421988168104411,estimated
6,6,30,17.033496411482876,28.69000966907408,estimated
6,7,31,16.637307474468336,28.228898105531766,estimated
6,7,32,17.84992997185143,29.629840930532822,estimated
6,7,33,16.589153082662175,28.17262085970655,estimated
6,7,34,15.99874995116806,27.47842721301711,estimated
